Quaterly Data,Cash On Hand,Receivables,Inventory,Pre-Paid Expenses,Other Current Assets,Total Current Assets,"Property, Plant, And Equipment",Long-Term Investments,Goodwill And Intangible Assets,Other Long-Term Assets,Total Long-Term Assets,Total Assets,Total Current Liabilities,Long Term Debt,Other Non-Current Liabilities,Total Long Term Liabilities,Total Liabilities,Common Stock Net,Retained Earnings (Accumulated Deficit),Comprehensive Income,Other Share Holders Equity,Share Holder Equity,Total Liabilities And Share Holders Equity,Quaterly Data,Revenue,Cost Of Goods Sold,Gross Profit,Research And Development Expenses,Selling General Administrative Expenses,Other Operating Income Or Expenses,Operating Expenses,Operating Income,Total Non-Operating Income/Expense,Pre-Tax Income,Income Taxes,Income After Taxes,Other Income,Income From Continuous Operations,Income From Discontinued Operations,Net Income,EBITDA,EBIT,Basic Shares Outstanding,Shares Outstanding,Basic EPS,EPS - Earnings Per Share,Quaterly Data,Net Income/Loss,Total Depreciation And Amortization - Cash Flow,Other Non-Cash Items,Total Non-Cash Items,Change In Accounts Receivable,Change In Inventories,Change In Accounts Payable,Change In Assets/Liabilities,Total Change In Assets/Liabilities,Cash Flow From Operating Activities,"Net Change In Property, Plant, And Equipment",Net Change In Intangible Assets,Net Acquisitions/Divestitures,Net Change In Short-term Investments,Net Change In Long-Term Investments,Net Change In Investments - Total,Investing Activities - Other,Cash Flow From Investing Activities,Net Long-Term Debt,Net Current Debt,Debt Issuance/Retirement Net - Total,Net Common Equity Issued/Repurchased,Net Total Equity Issued/Repurchased,Total Common And Preferred Stock Dividends Paid,Financial Activities - Other,Cash Flow From Financial Activities,Net Cash Flow,Stock-Based Compensation,Common Stock Dividends Paid,Quaterly Data ,Current Ratio,Long-term Debt / Capital,Debt/Equity Ratio,Gross Margin,Operating Margin,EBIT Margin,EBITDA Margin,Pre-Tax Profit Margin,Net Profit Margin,Asset Turnover,Inventory Turnover Ratio,Receiveable Turnover,Days Sales In Receivables,ROE - Return On Equity,Return On Tangible Equity,ROA - Return On Assets,ROI - Return On Investment,Book Value Per Share,Operating Cash Flow Per Share,Free Cash Flow Per Share
2023-06-30,42821,14482,17703,0,4149,121712,38503,25240,0,12109,144279,265991,101015,93895,25754,121370,222385,42,31577,-8924,0,43606,265991,2023-06-30,44954,37471,7483,0,5022,0,5022,2461,-173,2288,272,2016,,2016,,1917,4057,2461,4003,4041,0.48,0.47,2023-06-30,2016,1596,807,2403,-1878,-1387,3811,70,616,5035,-1949,0,0,0,508,508,-2739,-4180,2518,1553,4071,0,0,-601,-57,3413,4264,138.0,-601,2023-06-30,1.2049,0.6829,3.2848,16.6459,5.4745,5.4745,,5.0896,4.2644,0.169,2.1166,3.1041,28.9936,4.6232,4.6232,0.7579,1.4662,10.4948,1.2439,0.7629
2023-03-31,39513,14920,16212,0,4128,115123,37970,25456,0,11595,141677,256800,95905,91242,25908,118698,214603,42,30270,-8788,0,42197,256800,2023-03-31,41474,34669,6805,0,4692,0,4692,2113,46,2159,496,1663,,1663,,1757,3738,2113,3990,4029,0.44,0.44,2023-03-31,1663,1625,449,2074,-1388,-1967,2323,95,-937,2800,-1780,0,0,0,1169,1169,-1366,-1977,1670,-2211,-541,0,0,-3193,-140,-3874,-2981,100.0,-3193,2023-03-31,1.2004,0.6838,3.301,16.4079,5.0948,5.0948,,5.2057,4.2364,0.1615,2.1385,2.7798,32.3769,3.941,3.941,0.6476,1.2463,10.1606,0.695,0.2532
2022-12-31,44070,15729,14080,0,3877,116476,37265,25570,0,11118,139408,255884,96866,88805,25497,115851,212717,42,31754,-9339,0,43167,255884,2022-12-31,43999,37816,6183,0,4622,0,4622,1561,-395,1166,-93,1259,,1259,,1289,3261,1561,4014,4014,0.33,0.34,2022-12-31,1259,1700,513,2213,-2772,1584,-1185,79,-2294,1178,-2065,0,14,0,-1172,-1172,-1749,-4972,4355,3810,8165,-484,-484,-599,-27,7055,3619,59.0,-599,2022-12-31,1.2024,0.6729,3.2193,14.0526,3.5478,3.5478,,2.6501,2.9296,0.1719,2.6858,2.7973,32.1737,2.9166,2.9166,0.492,0.954,10.3892,0.296,-0.2206
2022-09-30,40173,14764,15213,0,4036,108088,35529,26111,0,14359,138831,246919,90167,84279,28591,114663,204830,42,31072,-10193,0,42089,246919,2022-09-30,39392,34354,5038,0,4534,0,4534,504,-1629,-1125,-195,-930,,-930,,-827,2131,504,4021,4021,-0.21,-0.21,2022-09-30,-930,1627,1760,3387,-2504,-1653,5273,239,1355,3812,-1732,0,435,0,-1063,-1063,-1157,-3517,1289,1055,2344,0,0,-603,-45,1696,1587,107.0,-603,2022-09-30,1.1988,0.6669,3.049,12.7894,1.2794,1.2794,,-2.8559,-2.0994,0.1595,2.2582,2.6681,33.7317,-2.2096,-2.2096,-0.3766,-0.7359,10.1713,0.9515,0.515
2022-06-30,36700,15037,13976,0,4040,100469,36162,28729,0,15607,145286,245755,86452,85008,28221,115066,201518,42,32511,-9473,0,44237,245755,2022-06-30,40190,33191,6999,0,4131,0,4131,2868,-2077,791,153,638,,638,,667,4487,2868,4021,4052,0.17,0.16,2022-06-30,638,1619,2309,3928,-3319,248,1466,-14,-1619,2947,-1699,0,0,0,385,385,2141,827,-5343,1209,-4134,0,0,-402,-43,-4579,-1149,103.0,-402,2022-06-30,1.1621,0.6577,2.9122,17.4148,7.1361,7.1361,,1.9682,1.6596,0.1635,2.3749,2.6727,33.6733,1.4422,1.4422,0.2596,0.4936,10.6904,0.7303,0.3147
2022-03-31,41228,13031,14647,0,4461,106142,36625,29852,0,15376,146844,252986,90352,87315,28501,117550,207902,42,32251,-8294,0,45084,252986,2022-03-31,34476,29036,5440,0,4097,0,4097,1343,-5191,-3848,-729,-3119,,-3119,,-3110,2890,1343,4008,4008,-0.78,-0.78,2022-03-31,-3119,1547,4545,6092,-3148,-2755,1714,132,-4057,-1084,-1370,0,0,0,2771,2771,1914,3315,-486,-614,-1100,0,0,-405,-156,-1661,546,67.0,-405,2022-03-31,1.1748,0.6595,3.0077,15.7791,3.8955,3.8955,,-11.1614,-9.0208,0.1363,1.9824,2.6457,34.0176,-6.9182,-6.9182,-1.2329,-2.3558,10.8978,-0.2705,-0.6123
2021-12-31,49593,11370,12065,0,3425,108996,37139,30906,0,14942,148039,257035,90727,88400,27705,117686,208413,41,35769,-8339,0,48622,257035,2021-12-31,37678,32393,5285,0,4546,0,4546,739,10479,11218,-1055,12273,,12273,,12282,2255,739,3991,4034,3.07,3.05,2021-12-31,12273,1516,-11297,-9781,-664,1351,475,-123,1039,3531,-1772,0,0,0,485,485,-976,-2263,-9441,1705,-7736,0,0,-400,58,-8078,-6887,43.0,-400,2021-12-31,1.2014,0.6452,2.8401,14.0268,1.9614,1.9614,,29.7733,32.5973,0.1466,2.6849,3.3138,27.1591,25.2417,25.2417,4.7748,8.957,11.7473,0.8768,0.437
2021-09-30,46426,10851,13508,0,3583,106968,36597,31368,0,15014,145709,252677,89033,97249,28808,126940,215973,41,23894,-8245,0,36704,252677,2021-09-30,35683,30057,5626,0,4284,0,4284,1342,543,1885,63,1822,,1822,,1832,2862,1342,3995,4036,0.46,0.45,2021-09-30,1822,1520,187,1707,-2381,-200,5927,133,3479,7008,-1574,0,1,0,-1064,-1064,1467,-1170,-1827,678,-1149,0,0,0,-73,-1222,4462,79.0,0,2021-09-30,1.2014,0.726,3.9389,15.7666,3.7609,3.7609,,5.2826,5.1341,0.1412,2.2251,3.2885,27.3685,4.964,4.964,0.7211,1.3602,8.9239,1.7338,1.3453
2021-06-30,41036,8750,13593,0,3557,101275,36723,32144,0,14283,147257,248532,83474,100905,28586,130274,213748,41,22062,-8268,0,34784,248532,2021-06-30,26752,22904,3848,0,3870,0,3870,-22,757,735,182,553,,553,,561,1160,-22,3992,4028,0.14,0.14,2021-06-30,553,1182,-907,275,7449,-753,-6631,-137,-72,756,-1513,0,144,0,6154,6154,1884,6669,-7034,617,-6417,0,0,0,12,-6405,1112,142.0,0,2021-06-30,1.2133,0.7436,4.2237,14.384,-0.0822,-0.0822,,2.7475,2.097,0.1076,1.685,3.0574,29.4371,1.5898,1.5898,0.2225,0.4075,8.4591,0.1844,-0.1903
2021-03-31,46107,10448,12742,0,3971,113932,36361,32505,0,13348,146887,260819,94249,103201,28707,132596,226845,41,21502,-8370,0,33974,260819,2021-03-31,36228,29297,6931,0,4467,0,4467,2464,1478,3942,680,3262,,3262,,3262,4206,2464,3980,4016,0.82,0.81,2021-03-31,3262,1742,-533,1209,2111,-2176,193,-107,21,4492,-1368,0,0,0,106,106,771,-491,-7961,273,-7688,0,0,-3,-102,-7793,-3885,41.0,-3,2021-03-31,1.2088,0.7523,4.4938,19.1316,6.8014,6.8014,,10.8811,9.0041,0.1389,2.2992,3.4675,25.9556,9.6015,9.6015,1.2507,2.378,8.2682,1.1185,0.7779
2020-12-31,49961,9993,10808,0,3581,116744,37083,32852,0,12882,150517,267261,97192,110341,28379,139258,236450,41,18243,-8294,0,30811,267261,2020-12-31,35952,33075,2877,0,5319,0,5319,-2442,-1368,-3810,-1019,-2791,,-2791,,-2788,-717,-2442,3973,3973,-0.7,-0.7,2020-12-31,-2791,1725,1018,2743,961,350,2951,325,4587,4539,-1531,0,0,0,-4234,-4234,20,-5745,1702,524,2226,0,0,0,58,2284,1463,29.0,0,2020-12-31,1.2012,0.7817,5.2476,8.0023,-6.7924,-6.7924,,-10.5975,-7.7548,0.1345,3.0602,3.5977,25.0159,-9.0585,-9.0585,-1.0443,-1.9773,7.4766,1.1822,0.7883
2020-09-30,44831,10114,10583,0,4390,111765,36118,32636,0,12858,148178,259943,93159,106280,26826,133623,226782,41,21031,-8613,0,33161,259943,2020-09-30,37501,31223,6278,0,3927,0,3927,2351,405,2756,366,2390,,2390,,2385,3871,2351,3976,4005,0.6,0.6,2020-09-30,2390,1520,103,1623,1088,-268,6343,-88,7075,11088,-1256,0,27113,0,5821,5821,-30333,1345,-17274,-2026,-19300,0,0,0,-60,-19360,-6709,63.0,0,2020-09-30,1.1997,0.7622,4.7428,16.7409,6.2692,6.2692,,7.3491,6.3598,0.1443,2.9503,3.7078,24.273,7.2073,7.2073,0.9194,1.714,8.0959,2.7615,2.4503
2020-06-30,57130,9107,10220,0,4934,124111,35276,32367,0,12559,145255,269366,92780,119886,25391,145731,238511,41,18645,-8471,0,30855,269366,2020-06-30,19371,17932,1439,0,4198,0,4198,-2759,3843,1084,-34,1118,,1118,,1117,-689,-2759,3975,3992,0.28,0.28,2020-06-30,1118,2070,-3712,-1642,11033,1243,-2679,42,9639,9115,-1175,0,-27113,0,-5574,-5574,22761,-11101,7215,-167,7048,0,0,0,-111,6937,5021,69.0,0,2020-06-30,1.3377,0.7953,5.6791,7.4286,-14.2429,-14.2429,,5.596,5.7664,0.0719,1.7546,2.127,42.3122,3.6234,3.6234,0.415,0.7417,7.533,2.2842,1.9931
2020-03-31,46370,6625,11312,0,5080,124276,35294,30789,0,11728,139874,264150,94494,114414,25105,139958,234452,41,17527,-8461,0,29698,264150,2020-03-31,34320,30522,3798,0,5356,0,5356,-1558,412,-1146,847,-1993,,-1993,,-1993,584,-1558,3963,3963,-0.5,-0.5,2020-03-31,-1993,2142,1609,3751,-1041,-1177,194,-207,-2231,-473,-1780,0,1340,0,-3246,-3246,572,-3114,13743,-622,13121,0,0,-596,-71,12454,8419,38.0,-596,2020-03-31,1.3152,0.7939,5.6343,11.0664,-4.5396,-4.5396,,-3.3392,-5.8071,0.1299,2.6982,5.1804,17.3733,-6.7109,-6.7109,-0.7545,-1.383,7.254,-0.1194,-0.5685
2019-12-31,34651,9237,10786,0,5722,114047,36469,31749,0,10706,144490,258537,98132,101361,25324,127175,225307,41,20320,-7728,0,33230,258537,2019-12-31,39715,34812,4903,0,5360,0,5360,-457,-1979,-2436,-764,-1672,,-1672,,-1672,1614,-457,3972,4004,-0.43,-0.43,2019-12-31,-1672,2071,1333,3404,-1031,1996,34,169,1168,2900,-2274,0,0,0,-708,-708,-2368,-5350,249,-290,-41,0,0,-595,-53,-689,-2940,-10.0,-595,2019-12-31,1.1622,0.7531,4.6737,12.3455,-1.1507,-1.1507,,-6.1337,-4.21,0.1536,3.2275,4.2996,20.9324,-5.0316,-5.0316,-0.6467,-1.2423,8.1128,0.727,0.1581
2019-09-30,37331,10621,12451,0,4168,115754,35404,32075,0,10717,142403,258157,99087,99507,23729,123683,222770,41,22590,-7842,0,35387,258157,2019-09-30,36990,32282,4708,0,4969,0,4969,-261,242,-19,-442,423,,423,,425,1757,-261,3970,4007,0.11,0.11,2019-09-30,423,2018,818,2836,2016,-610,297,-230,1473,4732,-1805,0,26202,0,-705,-705,-28239,-4547,392,-1165,-773,-237,-237,-598,-24,-1632,-1625,69.0,-598,2019-09-30,1.1682,0.7377,4.355,12.7278,-0.7056,-0.7056,,-0.0514,1.149,0.1433,2.5927,3.4827,25.8419,1.1954,1.1954,0.1639,0.3136,8.669,1.1847,0.7329
2019-06-30,38048,10941,12437,0,3169,118351,36581,32435,0,10789,143833,262184,98334,103213,24032,127714,226048,41,22769,-7436,0,36136,262184,2019-06-30,38853,33657,5196,0,5106,0,5106,90,115,205,55,150,,150,,148,2349,90,3984,4013,0.04,0.04,2019-06-30,150,2259,289,2548,1803,-97,1985,74,3765,6463,-1920,0,-26202,0,352,352,25280,-2490,-1668,-349,-2017,0,0,-599,-65,-2681,1287,84.0,-599,2019-06-30,1.2036,0.7407,4.3188,13.3735,0.2316,0.2316,,0.5276,0.3809,0.1482,2.7062,3.5511,25.344,0.4151,0.4151,0.0572,0.1076,8.8525,1.6069,1.1302
2019-03-31,37730,12016,12333,0,3672,121195,36145,31834,0,9459,142086,263281,99237,102612,24216,127610,226847,41,23226,-7501,0,36434,263281,2019-03-31,40342,33942,6400,0,5198,0,5198,1202,408,1610,427,1183,,1183,,1146,3344,1202,3973,3997,0.29,0.29,2019-03-31,1183,2142,296,2438,-2050,-1083,2944,112,-77,3544,-1633,0,0,0,518,518,-219,-1334,2134,420,2554,0,0,-597,-84,1873,4112,85.0,-597,2019-03-31,1.2213,0.738,4.3136,15.8644,2.9795,2.9795,,3.9909,2.8407,0.1532,2.7521,3.3574,26.8068,3.247,3.247,0.4493,0.8508,8.9255,0.8867,0.4781
2018-12-31,33951,11195,11220,0,3930,114649,36178,31828,0,7929,141891,256540,95569,100720,23588,125005,220574,41,22668,-7366,0,35966,256540,2018-12-31,41793,35754,6039,0,5407,0,5407,632,-649,-17,95,-112,,-112,,-116,2741,632,3974,3998,-0.03,-0.03,2018-12-31,-112,2109,1047,3156,-3267,1532,-5,53,-1687,1357,-2116,0,0,0,593,593,-2143,-3666,2682,-1551,1131,0,0,-597,-8,526,-1848,-8.0,-597,2018-12-31,1.1996,0.7369,4.2877,14.4498,1.5122,1.5122,,-0.0407,-0.2776,0.1629,3.1866,3.7332,24.1081,-0.3114,-0.3114,-0.0437,-0.0819,8.8109,0.3411,-0.1888
2018-09-30,36342,50818,12810,0,3629,114843,35762,32398,0,8367,144123,258966,94750,102668,24228,127597,222347,41,23384,-7429,0,36619,258966,2018-09-30,37666,31568,6098,0,5234,0,5234,864,230,1094,101,993,,993,,991,864,864,3976,4000,0.25,0.25,2018-09-30,3807,6304,544,6848,-1380,-2360,6786,-36,3010,5179,-1981,0,0,0,1763,1763,-3355,-3573,440,467,907,-75,-75,-597,-91,144,1734,199.0,-597,2018-09-30,1.2121,0.7371,4.1899,16.1897,2.2938,2.2938,,2.9045,2.631,0.1454,2.4643,0.7412,121.4257,2.7117,2.7117,0.3834,0.7129,8.9973,1.2943,0.7992
2018-06-30,36476,51354,12565,0,3604,115025,35580,32452,0,8300,143054,258079,94861,101959,24107,126749,221610,41,22993,-7204,0,36469,258079,2018-06-30,38920,33194,5726,0,5140,0,5140,586,763,1349,280,1069,,1069,,1066,586,586,3977,3999,0.27,0.27,2018-06-30,0,0,0,0,0,0,0,0,0,4972,-1909,0,0,0,2858,2858,-3427,-2478,-1757,-826,-2583,0,0,-598,-25,-3206,-1116,0.0,-598,2018-06-30,1.2126,0.7365,4.191,14.7122,1.5057,1.5057,,3.4661,2.739,0.1508,2.6418,0.7579,118.7528,2.9313,2.9313,0.4142,0.7722,8.9604,1.2428,0.7657
2018-03-31,40071,54680,12371,0,3756,123264,36118,31544,0,8546,143966,267230,99878,105351,24845,130916,230794,41,22529,-6669,0,36436,267230,2018-03-31,41959,35753,6206,0,5085,0,5085,1121,798,1919,174,1745,,1745,,1736,1121,1121,3974,3997,0.44,0.43,2018-03-31,0,0,0,0,0,0,0,0,0,3514,-1779,0,0,0,-1827,-1827,-2938,-6544,4593,-909,3684,-89,-89,-1113,-68,2414,-501,0.0,-1113,2018-03-31,1.2341,0.743,4.3455,14.7906,2.6717,2.6717,,4.5735,4.1374,0.157,2.8901,0.7674,117.2859,4.7892,4.7892,0.653,1.2307,8.9545,0.8792,0.4341
2017-12-31,38927,10599,11176,0,3889,116801,35327,31320,0,8104,141695,258496,94600,102666,24711,128290,222890,41,21906,-6959,0,35606,258496,2017-12-31,41326,35004,6322,0,7673,0,5455,867,1005,1872,-652,2524,,2524,,2520,867,867,3975,3998,0.63,0.63,2017-12-31,7757,8572,-284,8288,-3133,-970,6089,65,2051,3147,-2113,0,0,0,-72,-72,-4650,-6835,5852,-670,5182,0,0,-596,-27,4559,918,246.0,-596,2017-12-31,1.2347,0.7425,4.3332,15.2979,2.098,2.098,,4.5298,6.0979,0.1599,3.1321,3.899,23.0826,7.0887,7.0887,0.9764,1.8254,8.7463,0.7853,0.2573
2017-09-30,38081,10277,11263,0,3570,112732,34760,32058,0,7041,138541,251273,94352,97938,24819,123658,218010,41,19405,-6759,0,33263,251273,2017-09-30,36451,30275,6176,0,5178,0,5178,998,772,1770,191,1579,,1579,,1572,998,998,3972,3996,0.4,0.39,2017-09-30,0,0,0,0,0,0,0,0,0,4998,-1672,0,0,0,2428,2428,-4419,-3663,-1336,1827,491,0,0,-596,-22,-127,1383,0.0,-596,2017-09-30,1.1948,0.7465,4.4828,16.9433,2.7379,2.7379,,4.8558,4.3126,0.1451,2.688,3.5469,25.3746,4.747,4.747,0.6284,1.2035,8.1989,1.2508,0.8324
2017-06-30,39109,10159,11092,0,3291,113539,33794,31838,0,6602,133930,247469,94299,95236,24840,120908,215207,41,18437,-6716,0,32262,247469,2017-06-30,39853,33342,6511,0,4959,0,4959,1552,714,2266,211,2055,,2055,,2047,1552,1552,3977,3996,0.51,0.51,2017-06-30,0,0,0,0,0,0,0,0,0,5615,-1558,0,13467,0,-698,-698,-16421,-5210,-827,-586,-1413,-131,-131,-597,-17,-2158,-1587,0.0,-597,2017-06-30,1.204,0.747,4.5257,16.3375,3.8943,3.8943,,5.6859,5.1364,0.161,3.006,3.9229,22.9421,6.3697,6.3697,0.8304,1.6118,7.9522,1.4059,1.0157
2017-03-31,39989,10685,10535,0,3414,113228,32668,31556,0,5893,130866,244094,91304,96720,24583,122149,213453,41,16992,-6929,0,30641,244094,2017-03-31,39146,32700,6446,0,2764,-2218,4982,1464,787,2251,652,1599,,1599,,1592,1464,1464,3976,3999,0.4,0.4,2017-03-31,0,0,0,0,0,0,0,0,0,4336,-1706,0,-13467,0,673,673,10848,-3652,1342,658,2000,0,0,-795,-85,1120,1905,0.0,-795,2017-03-31,1.2401,0.7594,4.7641,16.4666,3.7398,3.7398,,5.7503,4.0668,0.1604,3.1039,3.6636,24.5657,5.2185,5.2185,0.6551,1.2555,7.5564,1.0843,0.6577
2016-12-31,38827,11102,8898,0,3368,108461,32072,32133,0,5656,129490,237951,90281,93301,24395,118483,208764,41,15634,-7013,0,29187,237951,2016-12-31,38654,32488,6166,0,11688,0,11688,-5522,4393,-1129,-341,-788,,-788,,-790,-5522,-5522,3973,3999,-0.2,-0.19,2016-12-31,4600,8717,3539,12256,-2855,-803,6595,57,2994,2798,-2080,0,0,0,-2047,-2047,-3117,-7244,5227,2664,7891,0,0,-596,-5,7290,2615,210.0,-596,2016-12-31,1.2014,0.7617,4.8984,15.9518,-14.2857,-14.2857,,-2.9208,-2.0438,0.1624,3.6512,3.4817,25.8493,-2.6998,-2.6998,-0.3312,-0.6433,7.1925,0.7007,0.1803
2016-09-30,34165,10029,10219,0,3552,103515,32257,32991,0,7111,131448,234963,89188,89951,23652,114276,203464,41,17013,-6046,0,31499,234963,2016-09-30,35943,30668,5275,0,2657,0,2657,2618,-1231,1387,426,961,,961,,957,2618,2618,3974,4000,0.24,0.24,2016-09-30,0,0,0,0,0,0,0,0,0,5161,-1706,0,0,0,1239,1239,-5482,-5949,-2533,266,-2267,0,0,-596,-15,-2878,-3723,0.0,-596,2016-09-30,1.1606,0.7406,4.3565,14.676,7.2838,7.2838,,3.8589,2.6625,0.153,3.0011,3.5839,25.1123,3.0509,3.0509,0.409,0.7913,7.7833,1.288,0.8621
2016-06-30,39297,10728,9829,0,3053,110767,31940,32817,0,6905,128911,239678,89408,95053,23416,119116,208524,41,16652,-5976,0,31154,239678,2016-06-30,39485,32522,6963,0,2784,0,2784,4179,-1304,2875,903,1972,,1972,,1970,4179,4179,3973,3997,0.5,0.49,2016-06-30,0,0,0,0,0,0,0,0,0,7742,-1695,0,0,0,1286,1286,-4725,-5134,-1722,1055,-667,0,0,-596,-28,-1291,1146,0.0,-596,2016-06-30,1.2389,0.7532,4.491,17.6345,10.5838,10.5838,,7.2812,4.9892,0.1647,3.3088,3.6806,24.4528,6.3298,6.3298,0.8228,1.5625,7.7,1.9367,1.5127
2016-03-31,39473,11252,9770,0,0,154775,31164,32054,0,8716,82513,237288,22072,140995,43949,185595,207667,41,15278,-6046,0,29621,237288,2016-03-31,37718,30517,7201,0,2690,0,2690,4511,-860,3651,1196,2455,,2455,,2452,4511,4511,3970,3996,0.62,0.61,2016-03-31,0,0,0,0,0,0,0,0,0,4149,-1511,0,0,0,-2552,-2552,-2912,-6975,6192,-121,6071,-145,-145,-1588,-59,4279,1645,0.0,-1588,2016-03-31,7.0123,0.8264,4.76,19.0917,11.9598,11.9598,,9.6797,6.5009,0.159,3.1235,3.3521,26.8487,8.288,8.288,1.0346,1.4389,7.3229,1.0383,0.6602
2015-12-31,35176,11042,8319,0,2913,102587,30163,30317,0,4795,122338,224925,82336,89879,23457,113932,196268,41,14414,-6257,0,28657,224925,2015-12-31,40251,34435,5816,0,2368,0,2295,3521,-1625,1896,32,1864,,1864,,1868,3521,3521,3969,4002,0.48,0.46,2015-12-31,7371,7966,-1506,6460,-3563,-1155,7758,-645,2395,2148,-1838,0,0,0,-3894,-3894,-3766,-9498,6992,802,7794,0,0,-595,-70,7129,-414,199.0,-595,2015-12-31,1.246,0.7582,4.636,14.4493,8.7476,8.7476,,4.7104,4.6409,0.179,4.1393,3.6453,24.6896,6.5045,6.5045,0.8287,1.5725,7.081,0.5341,0.0759
2015-09-30,31847,13373,9496,0,0,139924,30137,30412,0,7524,79507,219431,22386,126425,42513,169561,191947,41,27489,-20442,0,27484,219431,2015-09-30,38144,31213,6931,0,2386,0,2386,4545,-1254,3291,1099,2192,,2192,,2192,4545,4545,3969,3999,0.55,0.55,2015-09-30,0,0,0,0,0,0,0,0,0,6455,-1825,0,0,0,1441,1441,-7330,-7714,3385,668,4053,-38,-38,-595,-24,3396,1789,0.0,-595,2015-09-30,6.2505,0.8214,4.5999,18.1706,11.9154,11.9154,,8.6278,5.7466,0.1738,3.287,2.8523,31.5533,7.9755,7.9755,0.9989,1.4242,6.9247,1.618,1.1598
2015-06-30,31302,12666,9438,0,0,136227,30750,29617,0,6954,79818,216045,21844,123526,43649,167846,189690,41,26175,-20260,0,26355,216045,2015-06-30,37263,30326,6937,0,2544,0,2544,4393,-1107,3286,1125,2161,,2161,,2160,4393,4393,3974,4007,0.54,0.54,2015-06-30,0,0,0,0,0,0,0,0,0,5210,-1733,0,0,0,2324,2324,-4581,-3990,187,-312,-125,-91,-91,-597,-30,-843,529,0.0,-597,2015-06-30,6.2364,0.8242,4.687,18.6163,11.7892,11.7892,,8.8184,5.7966,0.1725,3.2132,2.942,30.5917,8.1996,8.1996,1.0003,1.4418,6.6419,1.2993,0.8675
2015-03-31,33100,13005,9519,0,0,134791,29612,27542,0,7490,77583,212374,22366,122776,41644,165034,187400,41,24887,-20406,0,24974,212374,2015-03-31,33900,28472,5428,0,3465,-73,3538,1890,-111,1779,625,1154,,1154,,1153,1890,1890,3963,4001,0.29,0.29,2015-03-31,0,0,0,0,0,0,0,0,0,2413,-1800,0,0,0,-384,-384,-2776,-4960,4938,488,5426,0,0,-593,-249,4584,1611,0.0,-593,2015-03-31,6.0266,0.831,4.9162,16.0118,5.5752,5.5752,,5.2478,3.4012,0.1596,2.9911,2.6067,34.5266,4.6208,4.6208,0.5434,0.781,6.2812,0.6031,0.1532
2014-12-31,31150,11708,7870,0,0,131839,30126,26574,0,6052,76776,208615,20035,119171,44032,164115,184150,40,9422,-5265,0,24465,208615,2014-12-31,35870,32560,3310,0,1510,0,1293,2017,-5181,-3164,-1257,-1907,,-1907,,-1904,2017,2017,3912,3958,-0.49,-0.46,2014-12-31,1230,7423,4424,11847,-2896,-936,5729,-467,1430,2168,-2154,0,0,0,205,205,-3581,-5530,2581,-1078,1503,0,0,-482,-11,1010,-2563,180.0,-482,2014-12-31,6.5804,0.8297,4.8711,9.2278,5.6231,5.6231,,-8.8207,-5.3081,0.1719,4.1372,3.0637,29.3761,-7.7948,-7.7948,-0.9141,-1.3277,6.1843,0.5881,0.0266
2014-09-30,33963,11143,9296,0,0,134284,30048,26113,0,6078,74551,208835,21155,119193,41407,161515,182670,40,25051,-18165,0,26165,208835,2014-09-30,34920,30197,4723,0,3484,-74,3558,1165,-144,1021,188,833,,833,,835,1165,1165,3861,4010,0.22,0.21,2014-09-30,0,0,0,0,0,0,0,0,0,5369,-1881,0,0,0,3436,3436,-5464,-3909,1773,396,2169,-1102,-1102,-483,27,611,1747,0.0,-483,2014-09-30,6.3476,0.82,4.5554,13.5252,3.3362,3.3362,,2.9238,2.3912,0.1672,3.2484,3.1338,28.7191,3.1836,3.1836,0.3989,0.5731,6.7979,1.3721,0.8867
2014-06-30,35669,12853,9365,0,0,137913,29294,25425,0,5717,73032,210945,22062,118707,42444,162076,184138,40,24699,-18107,0,26807,210945,2014-06-30,37411,31247,6164,0,3476,-104,3580,2584,-466,2118,803,1315,,1315,,1311,2584,2584,3940,4088,0.33,0.32,2014-06-30,0,0,0,0,0,0,0,0,0,4750,-1912,0,0,0,-560,-560,-3551,-6023,3344,-2165,1179,-862,-862,-494,-9,-186,-1410,0.0,-494,2014-06-30,6.2512,0.8158,4.4282,16.4764,6.9071,6.9071,,5.6614,3.5043,0.1773,3.3366,2.9107,30.9206,4.9054,4.9054,0.6234,0.9037,6.9108,1.1627,0.6944
2014-03-31,36529,12088,8874,0,0,135264,28447,24006,0,6231,71818,207082,22209,117004,40141,158066,180275,40,23882,-18190,0,26807,207082,2014-03-31,35876,31021,4855,0,3372,-39,3411,1444,-185,1259,270,989,,989,,989,1444,1444,3946,4094,0.25,0.24,2014-03-31,0,0,0,0,0,0,0,0,0,2220,-1516,0,0,0,-1511,-1511,-2635,-5662,3486,-1023,2463,0,0,-493,18,1988,-1485,0.0,-493,2014-03-31,6.0905,0.8136,4.3647,13.5327,4.025,4.025,,3.5093,2.7567,0.1732,3.4957,2.9679,30.3245,3.6893,3.6893,0.4776,0.6877,6.7797,0.5423,0.172
2013-12-31,36568,9828,7708,0,0,131585,27616,23663,0,5847,70594,202179,19531,114688,40886,156503,176034,40,23386,-18230,0,26145,202179,2013-12-31,37570,27631,9939,0,1288,-69,1357,8582,-244,8338,511,7827,,7827,,7837,8582,8582,3935,4087,2.0,1.93,2013-12-31,11946,6544,-6222,322,-1913,-437,1232,-706,-1824,315,-1938,0,0,0,804,804,-3277,-4411,3932,300,4232,-49,-49,-395,3,3791,-284,159.0,-395,2013-12-31,6.7372,0.8144,4.3866,26.4546,22.8427,22.8427,,22.1932,20.8597,0.1858,3.5847,3.8228,23.5433,29.9369,29.9369,3.8713,5.5576,6.6291,0.0825,-0.3941
2013-09-30,37642,11693,8799,0,0,131552,26836,24425,86,5051,69519,201071,68973,110622,0,111588,180561,40,21014,-21509,0,20510,201071,2013-09-30,35775,30030,5745,0,3235,-46,3281,2464,-373,2091,818,1273,,1273,,1272,2464,2464,3942,4096,0.32,0.31,2013-09-30,0,0,0,0,0,0,0,0,0,3840,-1582,0,0,0,496,496,-3171,-4257,1073,961,2034,-77,-77,-394,104,1667,1390,0.0,-394,2013-09-30,1.9073,0.8436,5.3936,16.0587,6.8875,6.8875,,5.8449,3.5556,0.1779,3.4129,3.0595,29.4164,6.2067,6.2329,0.6331,0.9708,5.199,0.933,0.5489
2013-06-30,36706,11353,8192,0,0,128255,25863,23074,82,4978,67955,196210,68128,107857,0,108860,176988,40,20136,-21837,0,19222,196210,2013-06-30,37923,32524,5399,0,3203,-53,3256,2143,-324,1819,585,1234,,1234,,1233,2143,2143,3933,4084,0.31,0.3,2013-06-30,0,0,0,0,0,0,0,0,0,6078,-1594,0,0,0,-2854,-2854,-2764,-7212,3891,-2760,1131,-77,-77,-393,47,708,-458,0.0,-393,2013-06-30,1.8826,0.8487,5.6111,14.2367,5.6509,5.6509,,4.7966,3.2513,0.1933,3.9702,3.3404,26.9433,6.4197,6.4472,0.6289,0.971,4.8787,1.4881,1.0989
2013-03-31,34341,11384,8423,0,0,125971,25795,20556,84,5554,67039,193010,67054,107356,0,108318,175372,40,19296,-22533,0,17638,193010,2013-03-31,35649,30005,5644,0,3124,-40,3164,2480,-357,2123,511,1612,,1612,,1611,2480,2480,3923,4072,0.41,0.4,2013-03-31,0,0,0,0,0,0,0,0,0,211,-1483,0,0,0,-192,-192,-2176,-3851,3694,-1428,2266,-10,-10,-392,103,1967,-1839,0.0,-392,2013-03-31,1.8787,0.8589,6.0866,15.8321,6.9567,6.9567,,5.9553,4.5191,0.1847,3.5623,3.1315,28.7402,9.1394,9.1831,0.8352,1.2897,4.4869,0.0518,-0.3124
2012-12-31,35943,10878,7362,0,0,125174,24942,18549,0,5556,64232,189406,19308,105058,48259,154109,173417,40,18077,-22854,0,15989,189406,2012-12-31,35731,31585,4146,0,2749,-61,2810,1336,423,1759,216,1543,,1543,,1546,1336,1336,3815,4015,0.4,0.39,2012-12-31,5612,5300,1669,6969,-2508,-1401,599,-226,-3536,-361,-1885,0,-65,0,1727,1727,-1444,-1667,995,3319,4314,-33,-33,-191,-3,4087,2120,140.0,-191,2012-12-31,6.483,0.8679,6.5706,11.6034,3.7391,3.7391,,4.9229,4.3268,0.1886,4.2903,3.2847,27.3997,9.6504,9.6504,0.8147,1.2747,4.0767,-0.1153,-0.5751
2012-09-30,35535,10737,8208,0,0,122812,24347,18833,89,5073,61868,184680,64277,100604,0,101517,165794,39,16670,-18541,0,18886,184680,2012-09-30,32172,26650,5522,0,2919,-55,2974,2548,-302,2246,613,1633,,1633,,1631,2548,2548,3814,3972,0.43,0.41,2012-09-30,0,0,0,0,0,0,0,0,0,3427,-1319,0,1,0,-1187,-1187,-2569,-5074,-827,902,75,-33,-33,-191,114,-35,-1562,0.0,-191,2012-09-30,1.9107,0.8419,5.3269,17.164,7.9199,7.9199,,6.9812,5.0696,0.1742,3.2468,2.9964,30.0364,8.6466,8.6876,0.8842,1.3666,4.9531,0.8786,0.5405
2012-06-30,35600,10160,7289,0,0,121143,22808,18115,95,5011,60093,181236,63665,99897,0,100492,164157,39,15230,-18928,0,17079,181236,2012-06-30,33211,27870,5341,0,2983,23,2960,2381,-786,1595,557,1038,,1038,,1040,2381,2381,3815,4014,0.27,0.26,2012-06-30,0,0,0,0,0,0,0,0,0,3904,-1191,0,59,0,186,186,-2092,-3038,904,-1362,-458,-32,-32,-191,-36,-717,-143,0.0,-191,2012-06-30,1.9028,0.854,5.8491,16.082,7.1693,7.1693,,4.8026,3.1315,0.1832,3.8236,3.2688,27.533,6.0776,6.1116,0.5727,0.8874,4.478,0.9778,0.6783
2012-03-31,36027,9904,7031,0,0,122859,23150,16440,97,4994,59216,182075,64352,100490,0,101073,165425,39,14190,-18314,0,16650,182075,2012-03-31,32445,26934,5511,0,2878,16,2862,2649,-611,2038,640,1398,,1398,,1396,2649,2649,3803,4055,0.37,0.35,2012-03-31,0,0,0,0,0,0,0,0,0,2075,-1093,0,5,0,-2112,-2112,-1311,-4511,2154,-1651,503,-27,-27,-190,84,370,-1904,,-190,2012-03-31,1.9092,0.8579,6.0354,16.9857,8.1646,8.1646,,6.2814,4.3027,0.1782,3.8308,3.2759,27.473,8.3964,8.4456,0.7678,1.1934,4.3621,0.5117,0.2422
2011-12-31,35766,8565,5901,0,0,135333,22371,15774,100,4770,43015,178348,63093,99488,0,100184,163277,38,12985,-18734,0,15071,178348,2011-12-31,33917,29965,3952,0,2382,8,2374,1578,-125,1453,-12161,13614,,13614,,13615,1578,1578,3793,4111,3.59,3.33,2011-12-31,20213,4256,-11353,-7097,-1942,-367,-1599,576,-3332,-235,-1158,0,183,0,-2003,-2003,-1054,-4032,3671,1289,4960,0,0,0,13,4973,619,171.0,0,2011-12-31,2.145,0.8684,6.6013,11.652,4.6525,4.6525,,4.284,40.1421,0.1902,5.078,3.96,22.7275,90.3324,90.9358,7.6334,11.8838,3.8193,-0.1055,-0.3721
2011-09-30,33192,9036,7212,0,0,117229,22304,14934,100,5977,45511,162740,60365,95131,0,96349,156714,38,-440,-14269,0,6026,162740,2011-09-30,33047,27617,5430,0,2861,-5,2866,2564,-718,1846,194,1652,,1652,,1649,2564,2564,3800,4031,0.43,0.41,2011-09-30,0,0,0,0,0,0,0,0,0,3793,-1113,0,6,0,-844,-844,119,-1832,-3066,890,-2176,0,0,0,-33,-2209,-952,0.0,0,2011-09-30,1.942,0.9404,15.7868,16.4311,7.7586,7.7586,,5.586,4.9899,0.2031,3.8293,3.6573,24.6086,27.4145,27.8772,1.0151,1.6331,1.5858,0.9677,0.6829
2011-06-30,33521,9473,7036,0,0,123156,23263,14748,103,6397,44930,168086,62686,98550,0,100050,162736,38,-2089,-13236,0,5350,168086,2011-06-30,35527,29253,6274,0,2907,-21,2928,3346,-740,2606,206,2400,,2400,,2398,3346,3346,3799,4102,0.63,0.59,2011-06-30,0,0,0,0,0,0,0,0,0,3729,-1093,0,144,0,-2366,-2366,-756,-4071,-3848,101,-3747,0,0,0,24,-3723,-3837,0.0,0,2011-06-30,1.9646,0.9485,18.4206,17.6598,9.4182,9.4182,,7.3353,6.7498,0.2114,4.1576,3.7503,23.9978,44.8598,45.7404,1.4278,2.3099,1.4079,0.9325,0.6573
2011-03-31,34866,8999,7414,0,0,121983,23407,13764,98,6177,45408,167391,62076,101638,0,102850,164926,38,-4487,-13684,0,2465,167391,2011-03-31,33114,26776,6338,0,2734,54,2680,3658,-882,2776,220,2556,,2556,,2551,3658,3658,3771,4266,0.68,0.61,2011-03-31,0,0,0,0,0,0,0,0,0,2497,-929,0,0,0,7285,7285,538,6894,-3931,561,-3370,0,0,0,88,-3282,6513,0.0,0,2011-03-31,1.9651,0.9763,41.2325,19.1399,11.0467,11.0467,,8.3832,7.7037,0.1978,3.6115,3.6797,24.4582,103.6917,107.9848,1.527,2.4553,0.649,0.5853,0.3676
2010-12-31,35570,8381,5917,0,0,119938,23179,14244,102,5221,44749,164687,60206,103988,0,105123,165329,38,-7038,-14313,0,-642,164687,2010-12-31,32428,27251,5177,0,3029,8,3021,2156,-1876,280,92,188,,188,,190,2156,2156,3449,4178,0.03,0.12,2010-12-31,6561,5584,1562,7146,695,-903,-836,-1186,-2230,1239,-1146,0,0,0,5396,5396,2038,6288,-2907,-846,-3753,109,109,0,-7207,-10851,-3187,34.0,0,2010-12-31,1.9921,1.0062,-161.9751,15.9646,6.6486,6.6486,,0.8635,0.5859,0.1969,4.6055,3.8692,23.2605,-29.2835,-25.2688,0.1142,0.1819,-0.1689,0.2942,0.0206
2010-09-30,44148,8368,6855,0,0,129857,22956,15686,123,6255,47221,177078,61100,116691,0,117718,178818,35,-7228,-12609,0,-1740,177078,2010-09-30,29893,24233,5660,0,2654,36,2618,3042,-1155,1887,199,1688,,1688,,1687,3042,3042,3446,4174,0.49,0.43,2010-09-30,0,0,0,0,0,0,0,0,0,3781,-919,0,862,0,-4448,-4448,2281,-2224,-2543,-208,-2751,388,388,0,-34,-2397,-330,0.0,0,2010-09-30,2.1253,1.0151,-67.0638,18.9342,10.1763,10.1763,,6.3125,5.6435,0.1688,3.5351,3.5723,25.1939,-97.0115,-90.6065,0.9533,1.4685,-0.501,1.0521,0.786
2010-06-30,39726,7985,6076,0,0,124762,22210,17246,183,5740,54988,179750,59674,117385,0,123617,183291,35,-8915,-12277,0,-3541,179750,2010-06-30,35067,27828,7239,0,3137,131,3006,4233,-1386,2847,251,2596,,2596,,2599,4233,4233,3411,4610,0.76,0.61,2010-06-30,0,0,0,0,0,0,0,0,0,3774,-959,0,0,0,333,333,2303,1677,-11675,342,-11333,312,312,0,-40,-11061,-6034,0.0,0,2010-06-30,2.0907,1.0311,-33.1502,20.6433,12.0712,12.0712,,8.1187,7.4115,0.1951,4.58,4.3916,20.4936,-73.3126,-69.71,1.4442,2.2803,-1.0297,0.8135,0.6075
2010-03-31,46239,6925,6292,0,0,136154,22826,18362,192,6358,55814,191968,60056,130105,0,137349,197405,34,-11514,-11199,0,-5437,191968,2010-03-31,31566,25139,6427,0,3089,41,3048,3379,-1244,2135,50,2085,,2085,,2085,3379,3379,3365,4569,0.62,0.5,2010-03-31,0,0,0,0,0,0,0,0,0,2683,-1068,0,0,0,-354,-354,2589,1167,321,-1042,-721,530,530,0,79,-112,3462,0.0,0,2010-03-31,2.2671,1.0436,-23.9296,20.3605,10.7046,10.7046,,6.7636,6.6052,0.1644,3.9954,4.5583,19.7443,-38.3484,-37.0403,1.0861,1.6724,-1.5958,0.5872,0.3535
2009-12-31,42281,7194,5041,0,0,130408,22637,19637,165,8096,61632,192040,60445,131635,0,139377,199822,34,-10864,-13599,0,-7782,192040,2009-12-31,34811,29290,5521,0,3222,-84,3306,2215,-1307,908,30,878,,878,,886,2215,2215,2991,3312,0.45,0.48,2009-12-31,2717,6580,3244,9824,2612,2201,-2832,955,2936,396,-1069,0,2,0,647,647,4167,3747,-5472,-295,-5767,180,180,0,-2790,-8377,-4283,29.0,0,2009-12-31,2.1575,1.0628,-16.9153,15.8599,6.3629,6.3629,,2.6084,2.5452,0.1813,5.8104,4.8389,18.5993,-11.2825,-11.0482,0.4572,0.7089,-2.3106,0.4687,0.0767
2009-09-30,48366,7296,6560,0,0,141499,24812,20347,225,7200,61607,203106,70360,132017,0,140016,210376,33,-14524,-8704,0,-7270,203106,2009-09-30,30272,24817,5455,0,3005,-125,3130,2325,-1213,1112,99,1013,,1013,,997,2325,2325,3259,3587,0.31,0.29,2009-09-30,0,0,0,0,0,0,0,0,0,5714,-944,0,209,0,-5210,-5210,3121,-2824,-1729,11,-1718,619,619,0,-223,-1322,1775,0.0,0,2009-09-30,2.0111,1.0583,-18.1592,18.02,7.6804,7.6804,,3.6734,3.2935,0.149,3.7831,4.1491,21.6913,-13.934,-13.5157,0.4988,0.812,-2.1984,1.4098,1.1867
2009-06-30,41134,6643,6603,0,0,134676,24801,22550,235,7383,65514,200190,69769,133066,0,139839,209608,33,-15521,-9005,0,-9418,200190,2009-06-30,26810,23346,3464,0,3110,-419,3529,-65,2306,2241,-15,2256,,2256,5.0,2261,-65,-65,3001,3352,0.75,0.69,2009-06-30,0,0,0,0,0,0,0,0,0,5351,-977,0,5,0,3638,3638,2365,5031,-7683,-1728,-9411,1651,1651,0,-470,-8230,2758,0.0,0,2009-06-30,1.9303,1.0762,-14.1289,12.9206,-0.2424,-0.2424,,8.3588,8.4334,0.1339,3.5357,4.0358,22.3003,-23.9541,-23.371,1.1269,1.8245,-2.9239,1.1191,0.9546
2009-03-31,41456,5390,6575,0,0,137429,23779,23648,227,7960,65705,203134,67311,145586,0,152300,219611,24,-17782,-10624,0,-16477,203134,2009-03-31,24390,21413,2977,0,3692,-402,4094,-1117,-545,-1662,-227,-1435,,-1435,0.0,-1427,-1117,-1117,2397,2397,-0.6,-0.6,2009-03-31,0,0,0,0,0,0,0,0,0,4016,-1069,0,166,0,-2931,-2931,4499,665,-945,-3869,-4814,0,0,0,-87,-4901,-1160,0.0,0,2009-03-31,2.0417,1.1276,-8.8357,12.2058,-4.5797,-4.5797,,-6.8143,-5.8508,0.1201,3.2567,4.525,19.8893,8.7091,8.5908,-0.7064,-1.1115,-6.8059,1.6754,1.2295
